<?xml version="1.0" encoding="UTF-8"?>
<metadata xml:lang="ca"><Esri><CreaDate>20200213</CreaDate><CreaTime>20302500</CreaTime><ArcGISFormat>1.0</ArcGISFormat><SyncOnce>FALSE</SyncOnce><DataProperties><lineage><Process ToolSource="c:\program files (x86)\arcgis\desktop10.2\ArcToolbox\Toolboxes\Data Management Tools.tbx\DefineProjection" Date="20171019" Time="081431">DefineProjection const0606 PROJCS['ED_1950_UTM_Zone_31N',GEOGCS['GCS_European_1950',DATUM['D_European_1950',SPHEROID['International_1924',6378388.0,297.0]],PRIMEM['Greenwich',0.0],UNIT['Degree',0.0174532925199433]],PROJECTION['Transverse_Mercator'],PARAMETER['False_Easting',500000.0],PARAMETER['False_Northing',0.0],PARAMETER['Central_Meridian',3.0],PARAMETER['Scale_Factor',0.9996],PARAMETER['Latitude_Of_Origin',0.0],UNIT['Meter',1.0]]</Process><Process ToolSource="c:\program files (x86)\arcgis\desktop10.4\ArcToolbox\Toolboxes\Data Management Tools.tbx\CalculateField" Date="20180802" Time="103011">CalculateField const0606 ANY_CONSTR 1989 VB #</Process><Process ToolSource="c:\program files (x86)\arcgis\desktop10.4\ArcToolbox\Toolboxes\Data Management Tools.tbx\CalculateField" Date="20180802" Time="103225">CalculateField const0606 ANY_CONSTR 1864 VB #</Process><Process ToolSource="c:\program files (x86)\arcgis\desktop10.4\ArcToolbox\Toolboxes\Data Management Tools.tbx\CalculateField" Date="20180802" Time="103632">CalculateField const0606 ANY_CONSTR 1829 VB #</Process><Process ToolSource="c:\program files (x86)\arcgis\desktop10.4\ArcToolbox\Toolboxes\Data Management Tools.tbx\CalculateField" Date="20180802" Time="104055">CalculateField const0606 ANY_CONSTR 1913 VB #</Process><Process ToolSource="c:\program files (x86)\arcgis\desktop10.4\ArcToolbox\Toolboxes\Data Management Tools.tbx\CalculateField" Date="20180802" Time="104119">CalculateField const0606 ANY_CONSTR 1915 VB #</Process><Process ToolSource="c:\program files (x86)\arcgis\desktop10.4\ArcToolbox\Toolboxes\Data Management Tools.tbx\CalculateField" Date="20180802" Time="104747">CalculateField const0606 ANY_CONSTR 1991 VB #</Process><Process ToolSource="c:\program files (x86)\arcgis\desktop10.4\ArcToolbox\Toolboxes\Data Management Tools.tbx\CalculateField" Date="20180802" Time="105029">CalculateField const0606 ANY_CONS [ANY_CONSTR] VB #</Process><Process ToolSource="c:\program files (x86)\arcgis\desktop10.4\ArcToolbox\Toolboxes\Data Management Tools.tbx\CalculateField" Date="20181106" Time="095040">CalculateField const0606 ANY_CONST [ANY_CONS] VB #</Process><Process ToolSource="c:\program files (x86)\arcgis\desktop10.6\ArcToolbox\Toolboxes\Data Management Tools.tbx\Merge" Date="20200213" Time="152313">Merge const0606;const1607;const2705;const3107 C:\Users\ahmed\Documents\ArcGIS\Default.gdb\const0606_Merge2 "ID "ID" true true false 10 Long 0 10 ,First,#,const0606,ID,-1,-1,const1607,ID,-1,-1,const2705,ID,-1,-1,const3107,ID,-1,-1;NOMDPT "NOMDPT" true true false 50 Text 0 0 ,First,#,const0606,NOMDPT,-1,-1,const1607,NOMDPT,-1,-1,const2705,NOMDPT,-1,-1,const3107,NOMDPT,-1,-1;CODIDPT "CODIDPT" true true false 2 Text 0 0 ,First,#,const0606,CODIDPT,-1,-1,const1607,CODIDPT,-1,-1,const2705,CODIDPT,-1,-1,const3107,CODIDPT,-1,-1;TIPUSCONST "TIPUSCONST" true true false 2 Text 0 0 ,First,#,const0606,TIPUSCONST,-1,-1,const1607,TIPUSCONST,-1,-1,const2705,TIPUSCONST,-1,-1,const3107,TIPUSCONST,-1,-1;CODITIPUSC "CODITIPUSC" true true false 2 Text 0 0 ,First,#,const0606,CODITIPUSC,-1,-1,const1607,CODITIPUSC,-1,-1,const2705,CODITIPUSC,-1,-1,const3107,CODITIPUSC,-1,-1;ATRIBUT "ATRIBUT" true true false 4 Text 0 0 ,First,#,const0606,ATRIBUT,-1,-1,const1607,ATRIBUT,-1,-1,const2705,ATRIBUT,-1,-1,const3107,ATRIBUT,-1,-1;NUMFILA1 "NUMFILA1" true true false 4 Text 0 0 ,First,#,const0606,NUMFILA1,-1,-1,const1607,NUMFILA1,-1,-1,const2705,NUMFILA1,-1,-1,const3107,NUMFILA1,-1,-1;NUMFILA2 "NUMFILA2" true true false 4 Text 0 0 ,First,#,const0606,NUMFILA2,-1,-1,const1607,NUMFILA2,-1,-1,const2705,NUMFILA2,-1,-1,const3107,NUMFILA2,-1,-1;NUMFILA3 "NUMFILA3" true true false 4 Text 0 0 ,First,#,const0606,NUMFILA3,-1,-1,const1607,NUMFILA3,-1,-1,const2705,NUMFILA3,-1,-1,const3107,NUMFILA3,-1,-1;NUMFILA4 "NUMFILA4" true true false 4 Text 0 0 ,First,#,const0606,NUMFILA4,-1,-1,const1607,NUMFILA4,-1,-1,const2705,NUMFILA4,-1,-1,const3107,NUMFILA4,-1,-1;NUMFILA5 "NUMFILA5" true true false 4 Text 0 0 ,First,#,const0606,NUMFILA5,-1,-1,const1607,NUMFILA5,-1,-1,const2705,NUMFILA5,-1,-1,const3107,NUMFILA5,-1,-1;NUMFILA6 "NUMFILA6" true true false 4 Text 0 0 ,First,#,const0606,NUMFILA6,-1,-1,const1607,NUMFILA6,-1,-1,const2705,NUMFILA6,-1,-1,const3107,NUMFILA6,-1,-1;LOCALITZAD "LOCALITZAD" true true false 6 Text 0 0 ,First,#,const0606,LOCALITZAD,-1,-1,const1607,LOCALITZAD,-1,-1,const2705,LOCALITZAD,-1,-1,const3107,LOCALITZAD,-1,-1;ANY_CONST "ANY_CONST" true true false 10 Long 0 10 ,First,#,const0606,ANY_CONST,-1,-1,const1607,ANY_CONST,-1,-1,const2705,ANY_CONST,-1,-1,const3107,ANY_CONST,-1,-1"</Process><Process ToolSource="c:\program files (x86)\arcgis\desktop10.6\ArcToolbox\Toolboxes\Data Management Tools.tbx\CalculateField" Date="20200213" Time="153044">CalculateField const0606_Merge2 LOCALITZAD "[CODIDPT] + [NUMFILA1]" VB #</Process></lineage><itemProps><itemName Sync="TRUE">const0606_Merge2</itemName><imsContentType Sync="TRUE">002</imsContentType><itemLocation><linkage Sync="TRUE">file://\\DESKTOP-4GBKPR1\C$\Users\ahmed\Documents\ArcGIS\Default.gdb</linkage><protocol Sync="TRUE">Local Area Network</protocol></itemLocation></itemProps><coordRef><type Sync="TRUE">Projected</type><geogcsn Sync="TRUE">GCS_ETRS_1989</geogcsn><csUnits Sync="TRUE">Linear Unit: Meter (1.000000)</csUnits><projcsn Sync="TRUE">ETRS_1989_UTM_Zone_31N</projcsn><peXml Sync="TRUE">&lt;ProjectedCoordinateSystem xsi:type='typens:ProjectedCoordinateSystem' xmlns:xsi='http://www.w3.org/2001/XMLSchema-instance' xmlns:xs='http://www.w3.org/2001/XMLSchema' xmlns:typens='http://www.esri.com/schemas/ArcGIS/10.6'&gt;&lt;WKT&gt;PROJCS[&amp;quot;ETRS_1989_UTM_Zone_31N&amp;quot;,GEOGCS[&amp;quot;GCS_ETRS_1989&amp;quot;,DATUM[&amp;quot;D_ETRS_1989&amp;quot;,SPHEROID[&amp;quot;GRS_1980&amp;quot;,6378137.0,298.257222101]],PRIMEM[&amp;quot;Greenwich&amp;quot;,0.0],UNIT[&amp;quot;Degree&amp;quot;,0.0174532925199433]],PROJECTION[&amp;quot;Transverse_Mercator&amp;quot;],PARAMETER[&amp;quot;False_Easting&amp;quot;,500000.0],PARAMETER[&amp;quot;False_Northing&amp;quot;,0.0],PARAMETER[&amp;quot;Central_Meridian&amp;quot;,3.0],PARAMETER[&amp;quot;Scale_Factor&amp;quot;,0.9996],PARAMETER[&amp;quot;Latitude_Of_Origin&amp;quot;,0.0],UNIT[&amp;quot;Meter&amp;quot;,1.0],AUTHORITY[&amp;quot;EPSG&amp;quot;,25831]]&lt;/WKT&gt;&lt;XOrigin&gt;-5120900&lt;/XOrigin&gt;&lt;YOrigin&gt;-9998100&lt;/YOrigin&gt;&lt;XYScale&gt;10000&lt;/XYScale&gt;&lt;ZOrigin&gt;-100000&lt;/ZOrigin&gt;&lt;ZScale&gt;10000&lt;/ZScale&gt;&lt;MOrigin&gt;-100000&lt;/MOrigin&gt;&lt;MScale&gt;10000&lt;/MScale&gt;&lt;XYTolerance&gt;0.001&lt;/XYTolerance&gt;&lt;ZTolerance&gt;0.001&lt;/ZTolerance&gt;&lt;MTolerance&gt;0.001&lt;/MTolerance&gt;&lt;HighPrecision&gt;true&lt;/HighPrecision&gt;&lt;WKID&gt;25831&lt;/WKID&gt;&lt;LatestWKID&gt;25831&lt;/LatestWKID&gt;&lt;/ProjectedCoordinateSystem&gt;</peXml></coordRef></DataProperties><SyncDate>20200213</SyncDate><SyncTime>15224200</SyncTime><ModDate>20200213</ModDate><ModTime>15224200</ModTime></Esri><dataIdInfo><envirDesc Sync="TRUE"> Version 6.2 (Build 9200) ; Esri ArcGIS 10.6.0.8321</envirDesc><dataLang><languageCode value="spa" Sync="TRUE"></languageCode><countryCode value="ESP" Sync="TRUE"></countryCode></dataLang><idCitation><resTitle Sync="TRUE">const0606_Merge2</resTitle><presForm><PresFormCd value="005" Sync="TRUE"></PresFormCd></presForm></idCitation><spatRpType><SpatRepTypCd value="001" Sync="TRUE"></SpatRepTypCd></spatRpType></dataIdInfo><mdLang><languageCode value="spa" Sync="TRUE"></languageCode><countryCode value="ESP" Sync="TRUE"></countryCode></mdLang><distInfo><distFormat><formatName Sync="TRUE">File Geodatabase Feature Class</formatName></distFormat></distInfo><mdHrLv><ScopeCd value="005" Sync="TRUE"></ScopeCd></mdHrLv><mdHrLvName Sync="TRUE">dataset</mdHrLvName><refSysInfo><RefSystem><refSysID><identCode code="25831" Sync="TRUE"></identCode><idCodeSpace Sync="TRUE">EPSG</idCodeSpace><idVersion Sync="TRUE">5.1(4.0.0)</idVersion></refSysID></RefSystem></refSysInfo><spatRepInfo><VectSpatRep><geometObjs Name="const0606_Merge2"><geoObjTyp><GeoObjTypCd value="004" Sync="TRUE"></GeoObjTypCd></geoObjTyp><geoObjCnt Sync="TRUE">0</geoObjCnt></geometObjs><topLvl><TopoLevCd value="001" Sync="TRUE"></TopoLevCd></topLvl></VectSpatRep></spatRepInfo><spdoinfo><ptvctinf><esriterm Name="const0606_Merge2"><efeatyp Sync="TRUE">Simple</efeatyp><efeageom code="1" Sync="TRUE"></efeageom><esritopo Sync="TRUE">FALSE</esritopo><efeacnt Sync="TRUE">0</efeacnt><spindex Sync="TRUE">TRUE</spindex><linrefer Sync="TRUE">FALSE</linrefer></esriterm></ptvctinf></spdoinfo><eainfo><detailed Name="const0606_Merge2"><enttyp><enttypl Sync="TRUE">const0606_Merge2</enttypl><enttypt Sync="TRUE">Feature Class</enttypt><enttypc Sync="TRUE">0</enttypc></enttyp><attr><attrlabl Sync="TRUE">OBJECTID</attrlabl><attalias Sync="TRUE">OBJECTID</attalias><attrtype Sync="TRUE">OID</attrtype><attwidth Sync="TRUE">4</attwidth><atprecis Sync="TRUE">0</atprecis><attscale Sync="TRUE">0</attscale><attrdef Sync="TRUE">Internal feature number.</attrdef><attrdefs Sync="TRUE">Esri</attrdefs><attrdomv><udom Sync="TRUE">Sequential unique whole numbers that are automatically generated.</udom></attrdomv></attr><attr><attrlabl Sync="TRUE">Shape</attrlabl><attalias Sync="TRUE">Shape</attalias><attrtype Sync="TRUE">Geometry</attrtype><attwidth Sync="TRUE">0</attwidth><atprecis Sync="TRUE">0</atprecis><attscale Sync="TRUE">0</attscale><attrdef Sync="TRUE">Feature geometry.</attrdef><attrdefs Sync="TRUE">Esri</attrdefs><attrdomv><udom Sync="TRUE">Coordinates defining the features.</udom></attrdomv></attr><attr><attrlabl Sync="TRUE">ID</attrlabl><attalias Sync="TRUE">ID</attalias><attrtype Sync="TRUE">Integer</attrtype><attwidth Sync="TRUE">4</attwidth><atprecis Sync="TRUE">0</atprecis><attscale Sync="TRUE">0</attscale></attr><attr><attrlabl Sync="TRUE">NOMDPT</attrlabl><attalias Sync="TRUE">NOMDPT</attalias><attrtype Sync="TRUE">String</attrtype><attwidth Sync="TRUE">50</attwidth><atprecis Sync="TRUE">0</atprecis><attscale Sync="TRUE">0</attscale></attr><attr><attrlabl Sync="TRUE">CODIDPT</attrlabl><attalias Sync="TRUE">CODIDPT</attalias><attrtype Sync="TRUE">String</attrtype><attwidth Sync="TRUE">2</attwidth><atprecis Sync="TRUE">0</atprecis><attscale Sync="TRUE">0</attscale></attr><attr><attrlabl Sync="TRUE">TIPUSCONST</attrlabl><attalias Sync="TRUE">TIPUSCONST</attalias><attrtype Sync="TRUE">String</attrtype><attwidth Sync="TRUE">2</attwidth><atprecis Sync="TRUE">0</atprecis><attscale Sync="TRUE">0</attscale></attr><attr><attrlabl Sync="TRUE">CODITIPUSC</attrlabl><attalias Sync="TRUE">CODITIPUSC</attalias><attrtype Sync="TRUE">String</attrtype><attwidth Sync="TRUE">2</attwidth><atprecis Sync="TRUE">0</atprecis><attscale Sync="TRUE">0</attscale></attr><attr><attrlabl Sync="TRUE">ATRIBUT</attrlabl><attalias Sync="TRUE">ATRIBUT</attalias><attrtype Sync="TRUE">String</attrtype><attwidth Sync="TRUE">4</attwidth><atprecis Sync="TRUE">0</atprecis><attscale Sync="TRUE">0</attscale></attr><attr><attrlabl Sync="TRUE">NUMFILA1</attrlabl><attalias Sync="TRUE">NUMFILA1</attalias><attrtype Sync="TRUE">String</attrtype><attwidth Sync="TRUE">4</attwidth><atprecis Sync="TRUE">0</atprecis><attscale Sync="TRUE">0</attscale></attr><attr><attrlabl Sync="TRUE">NUMFILA2</attrlabl><attalias Sync="TRUE">NUMFILA2</attalias><attrtype Sync="TRUE">String</attrtype><attwidth Sync="TRUE">4</attwidth><atprecis Sync="TRUE">0</atprecis><attscale Sync="TRUE">0</attscale></attr><attr><attrlabl Sync="TRUE">NUMFILA3</attrlabl><attalias Sync="TRUE">NUMFILA3</attalias><attrtype Sync="TRUE">String</attrtype><attwidth Sync="TRUE">4</attwidth><atprecis Sync="TRUE">0</atprecis><attscale Sync="TRUE">0</attscale></attr><attr><attrlabl Sync="TRUE">NUMFILA4</attrlabl><attalias Sync="TRUE">NUMFILA4</attalias><attrtype Sync="TRUE">String</attrtype><attwidth Sync="TRUE">4</attwidth><atprecis Sync="TRUE">0</atprecis><attscale Sync="TRUE">0</attscale></attr><attr><attrlabl Sync="TRUE">NUMFILA5</attrlabl><attalias Sync="TRUE">NUMFILA5</attalias><attrtype Sync="TRUE">String</attrtype><attwidth Sync="TRUE">4</attwidth><atprecis Sync="TRUE">0</atprecis><attscale Sync="TRUE">0</attscale></attr><attr><attrlabl Sync="TRUE">NUMFILA6</attrlabl><attalias Sync="TRUE">NUMFILA6</attalias><attrtype Sync="TRUE">String</attrtype><attwidth Sync="TRUE">4</attwidth><atprecis Sync="TRUE">0</atprecis><attscale Sync="TRUE">0</attscale></attr><attr><attrlabl Sync="TRUE">LOCALITZAD</attrlabl><attalias Sync="TRUE">LOCALITZAD</attalias><attrtype Sync="TRUE">String</attrtype><attwidth Sync="TRUE">6</attwidth><atprecis Sync="TRUE">0</atprecis><attscale Sync="TRUE">0</attscale></attr><attr><attrlabl Sync="TRUE">ANY_CONST</attrlabl><attalias Sync="TRUE">ANY_CONST</attalias><attrtype Sync="TRUE">Integer</attrtype><attwidth Sync="TRUE">4</attwidth><atprecis Sync="TRUE">0</atprecis><attscale Sync="TRUE">0</attscale></attr></detailed></eainfo><mdDateSt Sync="TRUE">20200213</mdDateSt></metadata>
